recipe_line_id,menu_item_id,ingredient_id,quantity_per_portion
RL0001,M001,I042,0.2672
RL0002,M001,I032,0.1562
RL0003,M001,I061,0.0035
RL0004,M001,I022,0.0077
RL0005,M001,I053,0.6776
RL0006,M002,I019,0.1129
RL0007,M002,I050,0.6857
RL0008,M002,I063,0.0046
RL0009,M002,I038,0.4073
RL0010,M002,I058,0.0511
RL0011,M003,I026,0.0913
RL0012,M003,I050,0.0483
RL0013,M003,I063,0.0381
RL0014,M003,I058,0.0871
RL0015,M004,I009,0.2318
RL0016,M004,I063,0.0218
RL0017,M004,I021,0.0618
RL0018,M004,I058,0.001
RL0019,M005,I053,1.4194
RL0020,M005,I033,0.001
RL0021,M005,I021,0.0276
RL0022,M005,I041,0.133
RL0023,M006,I027,0.4985
RL0024,M006,I034,0.1933
RL0025,M006,I059,0.0695
RL0026,M006,I041,0.0741
RL0027,M007,I018,0.081
RL0028,M007,I035,0.5697
RL0029,M007,I038,0.9096
RL0030,M007,I034,0.0715
RL0031,M008,I013,0.1141
RL0032,M008,I054,0.2142
RL0033,M008,I063,0.0051
RL0034,M008,I032,0.7871
RL0035,M009,I016,0.1497
RL0036,M009,I031,0.3758
RL0037,M009,I050,0.4124
RL0038,M009,I058,0.0504
RL0039,M009,I038,2.7603
RL0040,M010,I007,0.3864
RL0041,M010,I042,0.0379
RL0042,M010,I031,0.5899
RL0043,M010,I021,0.0209
RL0044,M010,I022,0.2901
RL0045,M011,I001,0.2949
RL0046,M011,I031,0.9831
RL0047,M011,I061,0.289
RL0048,M011,I042,0.0535
RL0049,M012,I011,0.2522
RL0050,M012,I031,0.0554
RL0051,M012,I042,0.0339
RL0052,M012,I041,2.8923
RL0053,M013,I017,0.187
RL0054,M013,I031,0.9874
RL0055,M013,I021,0.1751
RL0056,M013,I038,0.3176
RL0057,M013,I042,0.0634
RL0058,M014,I046,0.5503
RL0059,M014,I036,0.077
RL0060,M014,I025,0.0029
RL0061,M014,I021,0.001
RL0062,M014,I061,0.1281
RL0063,M015,I007,0.2683
RL0064,M015,I035,0.0312
RL0065,M015,I025,0.0144
RL0066,M015,I014,0.0146
RL0067,M015,I028,3.2935
RL0068,M016,I002,0.149
RL0069,M016,I031,1.2329
RL0070,M016,I021,0.1964
RL0071,M016,I058,0.1487
RL0072,M017,I006,0.2533
RL0073,M017,I055,0.1713
RL0074,M017,I031,0.0352
RL0075,M017,I042,0.2009
RL0076,M017,I061,0.036
RL0077,M018,I066,0.3588
RL0078,M018,I065,0.5332
RL0079,M018,I043,0.0112
RL0080,M018,I042,0.0478
RL0081,M019,I020,0.3896
RL0082,M019,I048,0.9666
RL0083,M019,I034,0.4042
RL0084,M019,I033,0.0044
RL0085,M019,I022,0.0607
RL0086,M020,I008,0.4045
RL0087,M020,I062,0.0207
RL0088,M020,I047,0.0018
RL0089,M020,I051,0.3959
RL0090,M021,I002,0.1948
RL0091,M021,I031,2.5862
RL0092,M021,I034,0.4027
RL0093,M021,I036,0.007
RL0094,M021,I021,0.0328
RL0095,M022,I003,0.2018
RL0096,M022,I031,2.7758
RL0097,M022,I034,0.1631
RL0098,M022,I036,0.0469
RL0099,M022,I021,0.1675
RL0100,M023,I004,0.1564
RL0101,M023,I031,0.6516
RL0102,M023,I034,0.1967
RL0103,M023,I036,0.7322
RL0104,M023,I021,0.0874
RL0105,M024,I010,0.4918
RL0106,M024,I031,1.1008
RL0107,M024,I063,0.0303
RL0108,M024,I038,0.9487
RL0109,M025,I005,0.5023
RL0110,M025,I031,0.9363
RL0111,M025,I036,0.9974
RL0112,M025,I021,0.0541
RL0113,M025,I042,1.7347
RL0114,M026,I006,0.2637
RL0115,M026,I052,0.8854
RL0116,M026,I024,0.0362
RL0117,M026,I035,0.7554
RL0118,M026,I031,0.0997
RL0119,M027,I006,0.3221
RL0120,M027,I052,2.8605
RL0121,M027,I024,0.025
RL0122,M027,I014,0.001
RL0123,M027,I031,0.3446
RL0124,M028,I008,0.3929
RL0125,M028,I052,1.514
RL0126,M028,I023,0.2176
RL0127,M028,I050,0.299
RL0128,M028,I031,0.3121
RL0129,M029,I064,1.5969
RL0130,M029,I052,0.8956
RL0131,M029,I035,0.0123
RL0132,M029,I034,0.2983
RL0133,M029,I031,0.334
RL0134,M030,I012,0.2484
RL0135,M030,I052,2.7753
RL0136,M030,I063,0.0025
RL0137,M030,I035,0.2757
RL0138,M030,I031,0.1427
RL0139,M031,I031,0.368
RL0140,M031,I058,0.1104
RL0141,M032,I031,0.7421
RL0142,M032,I060,0.0048
RL0143,M032,I025,0.0032
RL0144,M032,I058,0.0978
RL0145,M033,I032,0.4471
RL0146,M033,I050,0.056
RL0147,M033,I058,0.1266
RL0148,M034,I035,0.5397
RL0149,M034,I034,0.1101
RL0150,M034,I059,0.0054
RL0151,M035,I049,0.4048
RL0152,M035,I024,0.0013
RL0153,M035,I023,0.0578
RL0154,M035,I021,0.0587
RL0155,M036,I037,0.1065
RL0156,M036,I021,0.0078
RL0157,M036,I033,0.0884
RL0158,M037,I050,0.966
RL0159,M037,I067,0.0362
RL0160,M037,I021,0.038
RL0161,M037,I056,0.0399
RL0162,M037,I029,0.0077
RL0163,M038,I057,0.0877
RL0164,M038,I021,0.0107
RL0165,M038,I056,0.0361
RL0166,M038,I028,0.8608
RL0167,M038,I029,0.0311
RL0168,M039,I070,1.4352
RL0169,M039,I038,0.1532
RL0170,M039,I028,1.2408
RL0171,M039,I056,0.1529
RL0172,M039,I022,0.0031
RL0173,M040,I044,0.1555
RL0174,M040,I069,0.0688
RL0175,M040,I022,0.0522
RL0176,M041,I030,0.161
RL0177,M041,I068,0.0256
RL0178,M041,I056,0.0396
RL0179,M041,I044,0.0873
RL0180,M042,I029,0.184
RL0181,M043,I088,0.0618
RL0182,M043,I090,0.103
RL0183,M044,I089,0.0742
RL0184,M044,I090,0.103
RL0185,M045,I090,0.966
RL0186,M046,I091,0.3973
RL0187,M047,I071,0.0206
RL0188,M047,I023,0.0375
RL0189,M048,I072,0.667
RL0190,M049,I073,0.6379
RL0191,M050,I074,0.6315
RL0192,M051,I075,0.696
RL0193,M052,I076,0.2591
RL0194,M053,I077,0.2591
RL0195,M054,I078,0.2156
RL0196,M055,I079,0.9607
RL0197,M056,I080,0.9741
RL0198,M057,I081,0.1087
RL0199,M057,I086,0.001
RL0200,M057,I078,0.0221
RL0201,M057,I039,0.063
RL0202,M058,I081,0.1087
RL0203,M058,I087,0.0052
RL0204,M058,I071,0.0015
RL0205,M058,I056,0.0792
RL0206,M059,I085,0.1236
RL0207,M059,I078,0.0114
RL0208,M059,I090,0.1654
RL0209,M059,I045,0.0874
RL0210,M060,I083,0.0879
RL0211,M060,I039,0.049
RL0212,M060,I040,0.0483
RL0213,M060,I056,0.0435
RL0214,M060,I090,0.1682
RL0215,M061,I084,0.0869
RL0216,M061,I056,0.1846
RL0217,M061,I045,0.0237
