spend_id,week_start_date,campaign_id,marketing_channel,spend,impressions,clicks
MS0001,2024-11-18,CMP001,Email,599.81,599810,8565
MS0002,2024-11-25,CMP001,Email,535.12,535120,7667
MS0003,2024-12-02,CMP001,Email,564.24,564240,7470
MS0004,2024-12-09,CMP001,Email,678.06,678060,8973
MS0005,2024-12-16,CMP001,Email,545.76,545760,6903
MS0006,2025-01-06,CMP002,Instagram,967.22,161203,1564
MS0007,2025-01-13,CMP002,Instagram,1230.77,205128,2502
MS0008,2025-01-20,CMP002,Instagram,1200.59,200098,2733
MS0009,2025-01-27,CMP002,Instagram,1164.01,194001,1982
MS0010,2025-03-31,CMP003,Uber Eats Ads,554.09,79155,1017
MS0011,2025-04-07,CMP003,Uber Eats Ads,479.35,68478,772
MS0012,2025-04-14,CMP003,Uber Eats Ads,481.74,68820,803
MS0013,2025-04-21,CMP003,Uber Eats Ads,560.62,80088,822
MS0014,2025-04-28,CMP003,Uber Eats Ads,510.44,72920,714
MS0015,2025-06-30,CMP004,Instagram,382.6,63766,788
MS0016,2025-07-07,CMP004,Instagram,394.39,65731,824
MS0017,2025-07-14,CMP004,Instagram,433.81,72301,873
MS0018,2025-07-21,CMP004,Instagram,412.52,68753,834
MS0019,2025-07-28,CMP004,Instagram,421.53,70255,948
MS0020,2025-08-04,CMP004,Instagram,362.66,60443,819
MS0021,2025-08-11,CMP004,Instagram,334.55,55758,724
MS0022,2025-08-18,CMP004,Instagram,429.7,71616,756
MS0023,2025-08-25,CMP004,Instagram,362.69,60448,747
MS0024,2025-10-06,CMP005,TikTok,2098.34,524585,1924
MS0025,2025-10-13,CMP005,TikTok,1985.08,496270,2248
MS0026,2025-10-20,CMP005,TikTok,2051.31,512827,2277
MS0027,2025-10-27,CMP005,TikTok,2531.9,632975,2701
MS0028,2025-11-17,CMP006,Email,629.13,629130,8285
MS0029,2025-11-24,CMP006,Email,602.82,602820,7689
MS0030,2025-12-01,CMP006,Email,753.4,753400,9784
MS0031,2025-12-08,CMP006,Email,665.95,665950,9318
MS0032,2025-12-15,CMP006,Email,788.02,788020,7732
MS0033,2026-01-05,CMP007,Instagram,1355.09,225848,2555
MS0034,2026-01-12,CMP007,Instagram,1235.88,205980,2021
MS0035,2026-01-19,CMP007,Instagram,1129.38,188230,2444
MS0036,2026-01-26,CMP007,Instagram,1352.81,225468,2693
MS0037,2026-02-02,CMP008,Instagram,215.93,35988,210
MS0038,2026-02-09,CMP008,Instagram,216.0,36000,206
MS0039,2026-02-16,CMP008,Instagram,243.67,40611,195
MS0040,2026-02-23,CMP008,Instagram,234.05,39008,217
MS0041,2026-03-02,CMP008,Instagram,199.84,33306,171
MS0042,2026-03-09,CMP008,Instagram,237.21,39535,271
MS0043,2026-03-16,CMP008,Instagram,205.59,34265,188
MS0044,2026-03-23,CMP008,Instagram,253.28,42213,256
MS0045,2026-03-30,CMP008,Instagram,206.88,34480,219
MS0046,2026-04-06,CMP008,Instagram,196.62,32770,165
MS0047,2026-04-13,CMP008,Instagram,217.88,36313,258
MS0048,2026-04-20,CMP008,Instagram,250.63,41771,238
MS0049,2026-04-27,CMP008,Instagram,250.39,41731,276
MS0050,2026-06-01,CMP009,Google Ads,491.99,54665,742
MS0051,2026-06-08,CMP009,Google Ads,499.46,55495,719
MS0052,2026-06-15,CMP009,Google Ads,384.84,42760,542
MS0053,2026-06-22,CMP009,Google Ads,473.18,52575,743
MS0054,2026-06-29,CMP009,Google Ads,402.68,44742,548
MS0055,2026-07-06,CMP009,Google Ads,483.47,53718,628
MS0056,2026-07-13,CMP009,Google Ads,495.54,55060,772
MS0057,2026-07-20,CMP009,Google Ads,485.27,53918,657
MS0058,2026-07-27,CMP009,Google Ads,397.43,44158,474
