budget_id,branch_id,month_start,budget_net_sales,budget_food_cost,budget_labour_cost
BG0001,B01,2024-01-01,5860.0,1758.0,1640.8
BG0002,B01,2024-02-01,8220.0,2466.0,2301.6
BG0003,B01,2024-03-01,10750.0,3225.0,3010.0
BG0004,B01,2024-04-01,11100.0,3330.0,3108.0
BG0005,B01,2024-05-01,10490.0,3147.0,2937.2
BG0006,B01,2024-06-01,11190.0,3357.0,3133.2
BG0007,B01,2024-07-01,8480.0,2544.0,2374.4
BG0008,B01,2024-08-01,10360.0,3108.0,2900.8
BG0009,B01,2024-09-01,9920.0,2976.0,2777.6
BG0010,B01,2024-10-01,8060.0,2418.0,2256.8
BG0011,B01,2024-11-01,9610.0,2883.0,2690.8
BG0012,B01,2024-12-01,9070.0,2721.0,2539.6
BG0013,B01,2025-01-01,6160.0,1848.0,1724.8
BG0014,B01,2025-02-01,8360.0,2508.0,2340.8
BG0015,B01,2025-03-01,11120.0,3336.0,3113.6
BG0016,B01,2025-04-01,11880.0,3564.0,3326.4
BG0017,B01,2025-05-01,10550.0,3165.0,2954.0
BG0018,B01,2025-06-01,11880.0,3564.0,3326.4
BG0019,B01,2025-07-01,8570.0,2571.0,2399.6
BG0020,B01,2025-08-01,10570.0,3171.0,2959.6
BG0021,B01,2025-09-01,10510.0,3153.0,2942.8
BG0022,B01,2025-10-01,8260.0,2478.0,2312.8
BG0023,B01,2025-11-01,10240.0,3072.0,2867.2
BG0024,B01,2025-12-01,9330.0,2799.0,2612.4
BG0025,B01,2026-01-01,10120.0,3036.0,2833.6
BG0026,B01,2026-02-01,7700.0,2310.0,2156.0
BG0027,B01,2026-03-01,11390.0,3417.0,3189.2
BG0028,B01,2026-04-01,10430.0,3129.0,2920.4
BG0029,B01,2026-05-01,12520.0,3756.0,3505.6
BG0030,B01,2026-06-01,11530.0,3459.0,3228.4
BG0031,B01,2026-07-01,13370.0,4011.0,3743.6
BG0032,B01,2026-08-01,15520.0,4656.0,4345.6
BG0033,B01,2026-09-01,9920.0,2976.0,2777.6
BG0034,B01,2026-10-01,11340.0,3402.0,3175.2
BG0035,B01,2026-11-01,12730.0,3819.0,3564.4
BG0036,B01,2026-12-01,14180.0,4254.0,3970.4
BG0037,B02,2024-01-01,10500.0,3150.0,2940.0
BG0038,B02,2024-02-01,8670.0,2601.0,2427.6
BG0039,B02,2024-03-01,12690.0,3807.0,3553.2
BG0040,B02,2024-04-01,11200.0,3360.0,3136.0
BG0041,B02,2024-05-01,14160.0,4248.0,3964.8
BG0042,B02,2024-06-01,12410.0,3723.0,3474.8
BG0043,B02,2024-07-01,15370.0,4611.0,4303.6
BG0044,B02,2024-08-01,14060.0,4218.0,3936.8
BG0045,B02,2024-09-01,11300.0,3390.0,3164.0
BG0046,B02,2024-10-01,13710.0,4113.0,3838.8
BG0047,B02,2024-11-01,14560.0,4368.0,4076.8
BG0048,B02,2024-12-01,16300.0,4890.0,4564.0
BG0049,B02,2025-01-01,10850.0,3255.0,3038.0
BG0050,B02,2025-02-01,8710.0,2613.0,2438.8
BG0051,B02,2025-03-01,12800.0,3840.0,3584.0
BG0052,B02,2025-04-01,11480.0,3444.0,3214.4
BG0053,B02,2025-05-01,15130.0,4539.0,4236.4
BG0054,B02,2025-06-01,13180.0,3954.0,3690.4
BG0055,B02,2025-07-01,15500.0,4650.0,4340.0
BG0056,B02,2025-08-01,14790.0,4437.0,4141.2
BG0057,B02,2025-09-01,11830.0,3549.0,3312.4
BG0058,B02,2025-10-01,13800.0,4140.0,3864.0
BG0059,B02,2025-11-01,15010.0,4503.0,4202.8
BG0060,B02,2025-12-01,17020.0,5106.0,4765.6
BG0061,B02,2026-01-01,11400.0,3420.0,3192.0
BG0062,B02,2026-02-01,11490.0,3447.0,3217.2
BG0063,B02,2026-03-01,13050.0,3915.0,3654.0
BG0064,B02,2026-04-01,12380.0,3714.0,3466.4
BG0065,B02,2026-05-01,15910.0,4773.0,4454.8
BG0066,B02,2026-06-01,15430.0,4629.0,4320.4
BG0067,B02,2026-07-01,18060.0,5418.0,5056.8
BG0068,B02,2026-08-01,17570.0,5271.0,4919.6
BG0069,B02,2026-09-01,14370.0,4311.0,4023.6
BG0070,B02,2026-10-01,14600.0,4380.0,4088.0
BG0071,B02,2026-11-01,16830.0,5049.0,4712.4
BG0072,B02,2026-12-01,15020.0,4506.0,4205.6
BG0073,B03,2024-01-01,6270.0,1881.0,1755.6
BG0074,B03,2024-02-01,7820.0,2346.0,2189.6
BG0075,B03,2024-03-01,8680.0,2604.0,2430.4
BG0076,B03,2024-04-01,8060.0,2418.0,2256.8
BG0077,B03,2024-05-01,8020.0,2406.0,2245.6
BG0078,B03,2024-06-01,10220.0,3066.0,2861.6
BG0079,B03,2024-07-01,8970.0,2691.0,2511.6
BG0080,B03,2024-08-01,10010.0,3003.0,2802.8
BG0081,B03,2024-09-01,8760.0,2628.0,2452.8
BG0082,B03,2024-10-01,10400.0,3120.0,2912.0
BG0083,B03,2024-11-01,9380.0,2814.0,2626.4
BG0084,B03,2024-12-01,11620.0,3486.0,3253.6
BG0085,B03,2025-01-01,6700.0,2010.0,1876.0
BG0086,B03,2025-02-01,8060.0,2418.0,2256.8
BG0087,B03,2025-03-01,8870.0,2661.0,2483.6
BG0088,B03,2025-04-01,8620.0,2586.0,2413.6
BG0089,B03,2025-05-01,8230.0,2469.0,2304.4
BG0090,B03,2025-06-01,10640.0,3192.0,2979.2
BG0091,B03,2025-07-01,9090.0,2727.0,2545.2
BG0092,B03,2025-08-01,10440.0,3132.0,2923.2
BG0093,B03,2025-09-01,9060.0,2718.0,2536.8
BG0094,B03,2025-10-01,10450.0,3135.0,2926.0
BG0095,B03,2025-11-01,10110.0,3033.0,2830.8
BG0096,B03,2025-12-01,11620.0,3486.0,3253.6
BG0097,B03,2026-01-01,7260.0,2178.0,2032.8
BG0098,B03,2026-02-01,5170.0,1551.0,1447.6
BG0099,B03,2026-03-01,9510.0,2853.0,2662.8
BG0100,B03,2026-04-01,8440.0,2532.0,2363.2
BG0101,B03,2026-05-01,10620.0,3186.0,2973.6
BG0102,B03,2026-06-01,10100.0,3030.0,2828.0
BG0103,B03,2026-07-01,13070.0,3921.0,3659.6
BG0104,B03,2026-08-01,9240.0,2772.0,2587.2
BG0105,B03,2026-09-01,10380.0,3114.0,2906.4
BG0106,B03,2026-10-01,10700.0,3210.0,2996.0
BG0107,B03,2026-11-01,8830.0,2649.0,2472.4
BG0108,B03,2026-12-01,10700.0,3210.0,2996.0
BG0109,B04,2025-06-01,12500.0,3750.0,3500.0
BG0110,B04,2025-07-01,14500.0,4350.0,4060.0
BG0111,B04,2025-08-01,16830.0,5049.0,4712.4
BG0112,B04,2025-09-01,10760.0,3228.0,3012.8
BG0113,B04,2025-10-01,12310.0,3693.0,3446.8
BG0114,B04,2025-11-01,13810.0,4143.0,3866.8
BG0115,B04,2025-12-01,15380.0,4614.0,4306.4
BG0116,B04,2026-01-01,10250.0,3075.0,2870.0
BG0117,B04,2026-02-01,9510.0,2853.0,2662.8
BG0118,B04,2026-03-01,11610.0,3483.0,3250.8
BG0119,B04,2026-04-01,11180.0,3354.0,3130.4
BG0120,B04,2026-05-01,15350.0,4605.0,4298.0
BG0121,B04,2026-06-01,13790.0,4137.0,3861.2
BG0122,B04,2026-07-01,10080.0,3024.0,2822.4
BG0123,B04,2026-08-01,11480.0,3444.0,3214.4
BG0124,B04,2026-09-01,8660.0,2598.0,2424.8
BG0125,B04,2026-10-01,12790.0,3837.0,3581.2
BG0126,B04,2026-11-01,12210.0,3663.0,3418.8
BG0127,B04,2026-12-01,15390.0,4617.0,4309.2
