review_id,review_date,branch_id,platform,rating,main_topic
RV00001,2024-01-22,B01,Google,3,Service
RV00002,2024-01-28,B01,TripAdvisor,3,Service
RV00003,2024-02-04,B01,TripAdvisor,4,Service
RV00004,2024-02-11,B01,OpenTable,2,Food
RV00005,2024-02-12,B01,OpenTable,5,Food
RV00006,2024-02-12,B01,Google,5,Food
RV00007,2024-02-11,B01,Google,4,Value
RV00008,2024-02-20,B01,TripAdvisor,4,Food
RV00009,2024-02-26,B01,Google,4,Service
RV00010,2024-03-06,B01,Google,4,Service
RV00011,2024-03-11,B01,Google,5,Food
RV00012,2024-03-30,B01,Google,5,Ambience
RV00013,2024-04-08,B01,Google,4,Food
RV00014,2024-04-07,B01,Google,4,Food
RV00015,2024-04-08,B01,Google,4,Service
RV00016,2024-04-12,B01,OpenTable,4,Ambience
RV00017,2024-04-14,B01,Google,5,Food
RV00018,2024-04-22,B01,OpenTable,4,Ambience
RV00019,2024-04-21,B01,Google,4,Food
RV00020,2024-05-01,B01,Google,4,Speed
RV00021,2024-05-03,B01,Google,5,Food
RV00022,2024-05-06,B01,Google,4,Ambience
RV00023,2024-05-05,B01,Google,5,Speed
RV00024,2024-05-06,B01,OpenTable,5,Food
RV00025,2024-05-13,B01,TripAdvisor,2,Service
RV00026,2024-05-12,B01,Google,4,Food
RV00027,2024-05-18,B01,Google,4,Service
RV00028,2024-05-16,B01,OpenTable,5,Value
RV00029,2024-05-17,B01,OpenTable,4,Service
RV00030,2024-05-19,B01,TripAdvisor,4,Food
RV00031,2024-05-19,B01,Google,4,Food
RV00032,2024-05-22,B01,Google,5,Value
RV00033,2024-05-24,B01,OpenTable,5,Service
RV00034,2024-05-25,B01,Google,4,Value
RV00035,2024-06-02,B01,OpenTable,5,Speed
RV00036,2024-06-04,B01,Google,4,Service
RV00037,2024-06-04,B01,Google,4,Food
RV00038,2024-06-07,B01,Google,4,Food
RV00039,2024-06-08,B01,TripAdvisor,5,Food
RV00040,2024-06-10,B01,Google,5,Food
RV00041,2024-06-09,B01,Google,5,Food
RV00042,2024-06-10,B01,TripAdvisor,5,Food
RV00043,2024-06-10,B01,Google,3,Food
RV00044,2024-06-16,B01,Google,5,Ambience
RV00045,2024-06-18,B01,Google,5,Food
RV00046,2024-06-29,B01,TripAdvisor,4,Service
RV00047,2024-06-28,B01,Google,5,Value
RV00048,2024-07-29,B01,Google,5,Food
RV00049,2024-07-29,B01,Google,5,Ambience
RV00050,2024-08-08,B01,TripAdvisor,5,Value
RV00051,2024-08-08,B01,Google,3,Value
RV00052,2024-08-09,B01,Google,3,Food
RV00053,2024-08-11,B01,Google,4,Food
RV00054,2024-08-13,B01,Google,4,Speed
RV00055,2024-08-18,B01,OpenTable,3,Food
RV00056,2024-08-18,B01,Google,4,Food
RV00057,2024-08-20,B01,Google,4,Speed
RV00058,2024-08-23,B01,Google,4,Food
RV00059,2024-08-25,B01,OpenTable,3,Value
RV00060,2024-09-16,B01,TripAdvisor,3,Food
RV00061,2024-09-22,B01,Google,5,Value
RV00062,2024-10-07,B01,Google,4,Food
RV00063,2024-10-18,B01,Google,4,Service
RV00064,2024-10-20,B01,Google,4,Service
RV00065,2024-10-23,B01,Google,4,Food
RV00066,2024-10-22,B01,Google,3,Food
RV00067,2024-10-26,B01,Google,5,Food
RV00068,2024-11-01,B01,Google,4,Service
RV00069,2024-11-02,B01,TripAdvisor,5,Speed
RV00070,2024-11-04,B01,Google,5,Service
RV00071,2024-11-07,B01,Google,3,Food
RV00072,2024-11-11,B01,TripAdvisor,5,Service
RV00073,2024-11-10,B01,Google,3,Service
RV00074,2024-11-14,B01,Google,4,Food
RV00075,2024-11-16,B01,Google,4,Value
RV00076,2024-11-23,B01,Google,5,Food
RV00077,2024-11-23,B01,Google,4,Service
RV00078,2024-11-24,B01,Google,4,Ambience
RV00079,2024-11-25,B01,Google,3,Food
RV00080,2024-11-28,B01,Google,5,Service
RV00081,2024-11-30,B01,Google,4,Speed
RV00082,2024-12-02,B01,TripAdvisor,4,Food
RV00083,2024-12-04,B01,Google,4,Food
RV00084,2024-12-03,B01,TripAdvisor,3,Food
RV00085,2024-12-11,B01,TripAdvisor,5,Food
RV00086,2024-12-14,B01,TripAdvisor,5,Food
RV00087,2024-12-14,B01,Google,4,Value
RV00088,2024-12-21,B01,Google,5,Food
RV00089,2024-12-22,B01,Google,5,Food
RV00090,2024-12-25,B01,TripAdvisor,5,Food
RV00091,2024-12-25,B01,Google,4,Speed
RV00092,2024-12-29,B01,Google,5,Service
RV00093,2025-01-04,B01,Google,5,Service
RV00094,2025-01-06,B01,Google,5,Value
RV00095,2025-01-08,B01,Google,1,Service
RV00096,2025-01-11,B01,TripAdvisor,4,Ambience
RV00097,2025-01-17,B01,TripAdvisor,4,Food
RV00098,2025-01-20,B01,Google,5,Service
RV00099,2025-01-21,B01,TripAdvisor,4,Speed
RV00100,2025-01-21,B01,Google,4,Food
RV00101,2025-02-01,B01,Google,5,Value
RV00102,2025-02-01,B01,TripAdvisor,5,Value
RV00103,2025-02-05,B01,Google,5,Food
RV00104,2025-02-23,B01,Google,5,Ambience
RV00105,2025-03-04,B01,Google,4,Value
RV00106,2025-03-07,B01,OpenTable,3,Speed
RV00107,2025-03-15,B01,TripAdvisor,3,Value
RV00108,2025-03-18,B01,TripAdvisor,4,Ambience
RV00109,2025-03-21,B01,TripAdvisor,4,Food
RV00110,2025-03-21,B01,TripAdvisor,2,Service
RV00111,2025-03-24,B01,OpenTable,5,Speed
RV00112,2025-03-28,B01,TripAdvisor,5,Food
RV00113,2025-03-30,B01,TripAdvisor,3,Food
RV00114,2025-03-29,B01,Google,4,Service
RV00115,2025-04-06,B01,Google,3,Food
RV00116,2025-04-13,B01,Google,4,Service
RV00117,2025-04-14,B01,OpenTable,4,Food
RV00118,2025-04-15,B01,Google,5,Food
RV00119,2025-04-18,B01,Google,5,Food
RV00120,2025-05-01,B01,TripAdvisor,5,Service
RV00121,2025-05-05,B01,TripAdvisor,5,Food
RV00122,2025-05-04,B01,Google,4,Food
RV00123,2025-05-05,B01,Google,5,Service
RV00124,2025-05-07,B01,Google,4,Ambience
RV00125,2025-05-06,B01,Google,4,Food
RV00126,2025-05-11,B01,Google,4,Food
RV00127,2025-05-12,B01,OpenTable,5,Service
RV00128,2025-05-17,B01,OpenTable,4,Food
RV00129,2025-05-20,B01,Google,5,Food
RV00130,2025-05-23,B01,TripAdvisor,3,Service
RV00131,2025-05-27,B01,OpenTable,3,Food
RV00132,2025-05-26,B01,TripAdvisor,3,Ambience
RV00133,2025-05-28,B01,Google,4,Food
RV00134,2025-06-01,B01,Google,3,Ambience
RV00135,2025-06-05,B01,Google,4,Ambience
RV00136,2025-06-10,B01,TripAdvisor,2,Food
RV00137,2025-06-20,B01,OpenTable,4,Food
RV00138,2025-06-28,B01,Google,4,Food
RV00139,2025-06-28,B01,Google,4,Food
RV00140,2025-06-30,B01,TripAdvisor,5,Ambience
RV00141,2025-07-05,B01,Google,4,Food
RV00142,2025-07-07,B01,Google,5,Food
RV00143,2025-07-07,B01,Google,4,Food
RV00144,2025-07-10,B01,Google,3,Value
RV00145,2025-07-09,B01,Google,3,Service
RV00146,2025-07-14,B01,Google,5,Service
RV00147,2025-07-19,B01,Google,4,Service
RV00148,2025-07-17,B01,Google,5,Food
RV00149,2025-07-19,B01,TripAdvisor,5,Food
RV00150,2025-07-20,B01,Google,5,Service
RV00151,2025-07-22,B01,Google,5,Ambience
RV00152,2025-07-25,B01,Google,4,Service
RV00153,2025-07-27,B01,TripAdvisor,3,Food
RV00154,2025-08-04,B01,Google,5,Value
RV00155,2025-08-08,B01,Google,4,Speed
RV00156,2025-08-10,B01,Google,4,Speed
RV00157,2025-08-16,B01,TripAdvisor,3,Ambience
RV00158,2025-08-17,B01,OpenTable,4,Service
RV00159,2025-08-19,B01,Google,5,Food
RV00160,2025-08-21,B01,TripAdvisor,5,Food
RV00161,2025-08-22,B01,Google,5,Service
RV00162,2025-08-20,B01,Google,3,Food
RV00163,2025-08-20,B01,TripAdvisor,4,Speed
RV00164,2025-08-23,B01,TripAdvisor,5,Service
RV00165,2025-08-24,B01,Google,5,Ambience
RV00166,2025-08-26,B01,Google,2,Service
RV00167,2025-09-02,B01,Google,5,Value
RV00168,2025-09-05,B01,Google,5,Service
RV00169,2025-09-06,B01,Google,4,Speed
RV00170,2025-09-09,B01,OpenTable,5,Service
RV00171,2025-09-11,B01,Google,4,Service
RV00172,2025-09-11,B01,OpenTable,4,Service
RV00173,2025-09-14,B01,TripAdvisor,5,Value
RV00174,2025-09-14,B01,OpenTable,5,Value
RV00175,2025-09-13,B01,Google,5,Service
RV00176,2025-09-14,B01,Google,3,Food
RV00177,2025-09-15,B01,OpenTable,3,Value
RV00178,2025-09-17,B01,Google,5,Food
RV00179,2025-09-20,B01,Google,3,Service
RV00180,2025-09-23,B01,Google,5,Speed
RV00181,2025-09-26,B01,Google,3,Value
RV00182,2025-09-30,B01,TripAdvisor,5,Value
RV00183,2025-09-29,B01,Google,3,Food
RV00184,2025-10-05,B01,Google,4,Value
RV00185,2025-10-19,B01,Google,5,Value
RV00186,2025-10-18,B01,TripAdvisor,5,Service
RV00187,2025-10-21,B01,Google,1,Food
RV00188,2025-10-24,B01,TripAdvisor,4,Food
RV00189,2025-10-25,B01,TripAdvisor,5,Speed
RV00190,2025-10-28,B01,TripAdvisor,3,Service
RV00191,2025-10-28,B01,Google,5,Value
RV00192,2025-10-29,B01,OpenTable,4,Speed
RV00193,2025-11-02,B01,Google,4,Speed
RV00194,2025-11-02,B01,Google,4,Value
RV00195,2025-11-09,B01,Google,5,Food
RV00196,2025-11-14,B01,OpenTable,3,Service
RV00197,2025-11-14,B01,Google,4,Food
RV00198,2025-11-16,B01,TripAdvisor,4,Food
RV00199,2025-11-18,B01,OpenTable,5,Ambience
RV00200,2025-11-21,B01,Google,5,Food
RV00201,2025-11-21,B01,Google,5,Food
RV00202,2025-11-29,B01,Google,4,Food
RV00203,2025-11-29,B01,TripAdvisor,4,Ambience
RV00204,2025-12-07,B01,Google,5,Service
RV00205,2025-12-07,B01,Google,4,Food
RV00206,2025-12-12,B01,Google,4,Value
RV00207,2025-12-13,B01,TripAdvisor,5,Food
RV00208,2025-12-12,B01,OpenTable,5,Food
RV00209,2025-12-13,B01,Google,4,Food
RV00210,2025-12-20,B01,TripAdvisor,4,Ambience
RV00211,2025-12-21,B01,Google,4,Food
RV00212,2026-01-02,B01,Google,4,Service
RV00213,2026-01-05,B01,Google,4,Service
RV00214,2026-01-11,B01,Google,3,Service
RV00215,2026-01-12,B01,TripAdvisor,4,Ambience
RV00216,2026-01-21,B01,Google,5,Food
RV00217,2026-01-28,B01,Google,4,Food
RV00218,2026-01-29,B01,Google,5,Service
RV00219,2026-02-02,B01,Google,4,Food
RV00220,2026-02-02,B01,Google,4,Ambience
RV00221,2026-02-08,B01,TripAdvisor,5,Service
RV00222,2026-02-20,B01,Google,2,Value
RV00223,2026-02-21,B01,Google,4,Food
RV00224,2026-03-01,B01,OpenTable,5,Value
RV00225,2026-03-01,B01,Google,5,Service
RV00226,2026-03-02,B01,Google,5,Value
RV00227,2026-03-06,B01,TripAdvisor,5,Value
RV00228,2026-03-07,B01,Google,5,Food
RV00229,2026-03-20,B01,Google,5,Service
RV00230,2026-03-29,B01,Google,5,Ambience
RV00231,2026-03-31,B01,Google,5,Food
RV00232,2026-04-07,B01,Google,4,Food
RV00233,2026-04-15,B01,TripAdvisor,4,Service
RV00234,2026-04-25,B01,Google,4,Food
RV00235,2026-04-27,B01,Google,3,Service
RV00236,2026-05-05,B01,Google,5,Speed
RV00237,2026-05-14,B01,Google,5,Ambience
RV00238,2026-05-16,B01,Google,4,Speed
RV00239,2026-05-23,B01,OpenTable,4,Food
RV00240,2026-05-22,B01,Google,5,Food
RV00241,2026-05-27,B01,Google,4,Food
RV00242,2026-05-30,B01,Google,4,Speed
RV00243,2026-05-30,B01,Google,4,Speed
RV00244,2026-06-01,B01,TripAdvisor,3,Food
RV00245,2026-06-01,B01,TripAdvisor,3,Speed
RV00246,2026-06-09,B01,Google,5,Value
RV00247,2026-06-12,B01,TripAdvisor,5,Service
RV00248,2026-06-15,B01,Google,5,Service
RV00249,2026-06-17,B01,Google,3,Service
RV00250,2026-06-20,B01,OpenTable,5,Food
RV00251,2026-06-22,B01,Google,4,Speed
RV00252,2026-06-22,B01,OpenTable,4,Food
RV00253,2026-06-28,B01,OpenTable,3,Food
RV00254,2026-06-29,B01,Google,5,Service
RV00255,2026-07-01,B01,Google,5,Food
RV00256,2026-07-03,B01,OpenTable,2,Service
RV00257,2026-07-01,B01,Google,5,Food
RV00258,2026-07-03,B01,Google,4,Value
RV00259,2026-08-02,B01,TripAdvisor,5,Value
RV00260,2026-08-08,B01,TripAdvisor,4,Ambience
RV00261,2026-08-08,B01,OpenTable,4,Food
RV00262,2026-08-16,B01,TripAdvisor,2,Food
RV00263,2026-08-19,B01,Google,3,Value
RV00264,2026-08-21,B01,TripAdvisor,4,Service
RV00265,2026-08-24,B01,Google,5,Service
RV00266,2026-08-25,B01,Google,5,Speed
RV00267,2026-08-23,B01,Google,5,Service
RV00268,2026-08-31,B01,Google,3,Food
RV00269,2026-08-29,B01,Google,5,Value
RV00270,2026-09-01,B01,Google,4,Food
RV00271,2026-09-03,B01,Google,4,Speed
RV00272,2026-09-07,B01,OpenTable,5,Service
RV00273,2026-09-24,B01,Google,4,Speed
RV00274,2026-09-27,B01,TripAdvisor,5,Food
RV00275,2026-09-27,B01,Google,5,Ambience
RV00276,2026-09-27,B01,Google,4,Ambience
RV00277,2024-01-01,B02,Google,5,Service
RV00278,2024-01-07,B02,Google,5,Value
RV00279,2024-01-07,B02,TripAdvisor,2,Value
RV00280,2024-01-12,B02,Google,4,Food
RV00281,2024-01-15,B02,Google,4,Service
RV00282,2024-01-14,B02,TripAdvisor,3,Food
RV00283,2024-01-19,B02,Google,5,Food
RV00284,2024-01-26,B02,Google,4,Value
RV00285,2024-01-28,B02,TripAdvisor,5,Ambience
RV00286,2024-01-29,B02,Google,5,Value
RV00287,2024-02-01,B02,TripAdvisor,5,Service
RV00288,2024-02-13,B02,OpenTable,3,Service
RV00289,2024-02-14,B02,Google,5,Value
RV00290,2024-02-21,B02,OpenTable,5,Service
RV00291,2024-02-26,B02,OpenTable,5,Ambience
RV00292,2024-02-26,B02,Google,3,Service
RV00293,2024-03-03,B02,Google,5,Value
RV00294,2024-03-04,B02,TripAdvisor,5,Speed
RV00295,2024-03-05,B02,Google,5,Service
RV00296,2024-03-11,B02,Google,3,Food
RV00297,2024-03-13,B02,Google,5,Ambience
RV00298,2024-03-16,B02,TripAdvisor,4,Food
RV00299,2024-03-17,B02,Google,5,Service
RV00300,2024-03-23,B02,Google,4,Service
RV00301,2024-03-23,B02,TripAdvisor,4,Ambience
RV00302,2024-03-24,B02,TripAdvisor,5,Ambience
RV00303,2024-03-29,B02,OpenTable,4,Value
RV00304,2024-03-31,B02,TripAdvisor,4,Speed
RV00305,2024-04-06,B02,Google,4,Value
RV00306,2024-04-13,B02,Google,5,Value
RV00307,2024-04-20,B02,Google,5,Speed
RV00308,2024-04-22,B02,Google,3,Food
RV00309,2024-04-29,B02,TripAdvisor,4,Food
RV00310,2024-04-27,B02,Google,5,Value
RV00311,2024-04-29,B02,Google,4,Ambience
RV00312,2024-05-05,B02,Google,4,Service
RV00313,2024-05-04,B02,OpenTable,4,Service
RV00314,2024-05-06,B02,TripAdvisor,4,Food
RV00315,2024-05-07,B02,TripAdvisor,4,Food
RV00316,2024-05-06,B02,TripAdvisor,5,Service
RV00317,2024-05-12,B02,TripAdvisor,5,Value
RV00318,2024-05-13,B02,TripAdvisor,4,Service
RV00319,2024-05-17,B02,OpenTable,5,Food
RV00320,2024-05-18,B02,OpenTable,4,Service
RV00321,2024-05-19,B02,Google,5,Value
RV00322,2024-05-27,B02,OpenTable,4,Food
RV00323,2024-06-01,B02,TripAdvisor,5,Speed
RV00324,2024-06-01,B02,Google,4,Service
RV00325,2024-06-02,B02,Google,5,Food
RV00326,2024-06-01,B02,Google,3,Ambience
RV00327,2024-06-03,B02,TripAdvisor,5,Food
RV00328,2024-06-05,B02,Google,4,Speed
RV00329,2024-06-07,B02,TripAdvisor,5,Ambience
RV00330,2024-06-09,B02,TripAdvisor,4,Service
RV00331,2024-06-16,B02,Google,4,Food
RV00332,2024-06-18,B02,Google,3,Value
RV00333,2024-06-18,B02,Google,5,Speed
RV00334,2024-06-17,B02,Google,3,Food
RV00335,2024-06-17,B02,OpenTable,3,Food
RV00336,2024-06-22,B02,TripAdvisor,3,Food
RV00337,2024-06-22,B02,TripAdvisor,4,Value
RV00338,2024-06-23,B02,Google,4,Food
RV00339,2024-06-30,B02,OpenTable,5,Value
RV00340,2024-07-05,B02,OpenTable,4,Ambience
RV00341,2024-07-07,B02,TripAdvisor,4,Food
RV00342,2024-07-13,B02,Google,4,Food
RV00343,2024-07-19,B02,Google,4,Ambience
RV00344,2024-07-20,B02,Google,4,Value
RV00345,2024-07-20,B02,Google,4,Food
RV00346,2024-07-26,B02,TripAdvisor,5,Ambience
RV00347,2024-07-28,B02,Google,5,Food
RV00348,2024-07-29,B02,TripAdvisor,4,Value
RV00349,2024-08-05,B02,Google,5,Service
RV00350,2024-08-08,B02,Google,4,Service
RV00351,2024-08-10,B02,TripAdvisor,4,Food
RV00352,2024-08-10,B02,Google,4,Service
RV00353,2024-08-17,B02,Google,4,Food
RV00354,2024-08-18,B02,Google,5,Ambience
RV00355,2024-08-18,B02,Google,4,Service
RV00356,2024-08-18,B02,TripAdvisor,3,Speed
RV00357,2024-08-17,B02,Google,5,Ambience
RV00358,2024-08-19,B02,TripAdvisor,4,Service
RV00359,2024-08-20,B02,Google,4,Service
RV00360,2024-08-21,B02,Google,3,Food
RV00361,2024-08-24,B02,TripAdvisor,3,Food
RV00362,2024-08-26,B02,Google,5,Service
RV00363,2024-08-31,B02,TripAdvisor,4,Ambience
RV00364,2024-08-31,B02,Google,5,Ambience
RV00365,2024-08-30,B02,TripAdvisor,5,Value
RV00366,2024-08-31,B02,OpenTable,3,Service
RV00367,2024-09-05,B02,Google,5,Value
RV00368,2024-09-06,B02,TripAdvisor,5,Ambience
RV00369,2024-09-08,B02,TripAdvisor,5,Service
RV00370,2024-09-06,B02,Google,5,Ambience
RV00371,2024-09-08,B02,Google,5,Value
RV00372,2024-09-12,B02,Google,5,Ambience
RV00373,2024-09-15,B02,Google,4,Ambience
RV00374,2024-09-16,B02,Google,5,Food
RV00375,2024-09-18,B02,Google,4,Speed
RV00376,2024-09-23,B02,Google,5,Food
RV00377,2024-09-23,B02,TripAdvisor,5,Ambience
RV00378,2024-09-22,B02,Google,5,Ambience
RV00379,2024-09-27,B02,Google,5,Service
RV00380,2024-09-28,B02,TripAdvisor,4,Food
RV00381,2024-09-28,B02,Google,5,Service
RV00382,2024-10-01,B02,Google,5,Food
RV00383,2024-10-06,B02,Google,4,Food
RV00384,2024-10-13,B02,Google,5,Food
RV00385,2024-10-14,B02,Google,5,Food
RV00386,2024-10-13,B02,Google,2,Ambience
RV00387,2024-10-19,B02,Google,5,Value
RV00388,2024-10-27,B02,TripAdvisor,3,Service
RV00389,2024-10-31,B02,Google,5,Ambience
RV00390,2024-11-09,B02,Google,5,Service
RV00391,2024-11-11,B02,Google,4,Service
RV00392,2024-11-13,B02,TripAdvisor,3,Food
RV00393,2024-11-13,B02,OpenTable,5,Value
RV00394,2024-11-16,B02,TripAdvisor,4,Food
RV00395,2024-11-21,B02,Google,3,Service
RV00396,2024-11-22,B02,TripAdvisor,3,Service
RV00397,2024-11-23,B02,Google,4,Ambience
RV00398,2024-11-25,B02,Google,4,Value
RV00399,2024-11-25,B02,Google,5,Service
RV00400,2024-11-28,B02,Google,4,Food
RV00401,2024-11-30,B02,Google,4,Service
RV00402,2024-11-30,B02,Google,3,Service
RV00403,2024-12-03,B02,TripAdvisor,4,Food
RV00404,2024-12-08,B02,Google,3,Service
RV00405,2024-12-08,B02,Google,4,Value
RV00406,2024-12-13,B02,OpenTable,4,Food
RV00407,2024-12-11,B02,Google,5,Ambience
RV00408,2024-12-13,B02,TripAdvisor,4,Ambience
RV00409,2024-12-14,B02,TripAdvisor,4,Speed
RV00410,2024-12-15,B02,TripAdvisor,4,Speed
RV00411,2024-12-15,B02,OpenTable,5,Ambience
RV00412,2024-12-15,B02,Google,4,Ambience
RV00413,2024-12-18,B02,Google,5,Speed
RV00414,2024-12-19,B02,TripAdvisor,4,Value
RV00415,2024-12-20,B02,Google,4,Food
RV00416,2024-12-22,B02,Google,4,Service
RV00417,2024-12-23,B02,TripAdvisor,4,Food
RV00418,2024-12-27,B02,TripAdvisor,4,Food
RV00419,2024-12-28,B02,OpenTable,4,Food
RV00420,2024-12-30,B02,Google,3,Service
RV00421,2025-01-01,B02,OpenTable,5,Food
RV00422,2025-01-01,B02,Google,4,Service
RV00423,2025-01-02,B02,Google,5,Food
RV00424,2025-01-04,B02,TripAdvisor,3,Speed
RV00425,2025-01-06,B02,Google,5,Food
RV00426,2025-01-11,B02,OpenTable,4,Service
RV00427,2025-01-10,B02,Google,4,Food
RV00428,2025-01-13,B02,Google,5,Value
RV00429,2025-01-12,B02,TripAdvisor,4,Speed
RV00430,2025-01-20,B02,Google,4,Food
RV00431,2025-01-19,B02,TripAdvisor,5,Service
RV00432,2025-01-26,B02,TripAdvisor,5,Service
RV00433,2025-01-27,B02,Google,5,Food
RV00434,2025-01-30,B02,Google,4,Service
RV00435,2025-02-01,B02,Google,5,Food
RV00436,2025-02-03,B02,Google,3,Food
RV00437,2025-02-01,B02,OpenTable,4,Service
RV00438,2025-02-04,B02,OpenTable,5,Ambience
RV00439,2025-02-03,B02,Google,4,Speed
RV00440,2025-02-10,B02,Google,5,Value
RV00441,2025-02-09,B02,Google,4,Service
RV00442,2025-02-09,B02,Google,4,Food
RV00443,2025-02-15,B02,OpenTable,3,Speed
RV00444,2025-02-16,B02,Google,4,Value
RV00445,2025-02-21,B02,Google,5,Food
RV00446,2025-02-21,B02,Google,5,Food
RV00447,2025-02-21,B02,OpenTable,5,Value
RV00448,2025-02-21,B02,Google,5,Value
RV00449,2025-02-23,B02,TripAdvisor,5,Service
RV00450,2025-03-02,B02,TripAdvisor,4,Value
RV00451,2025-03-04,B02,Google,5,Food
RV00452,2025-03-06,B02,Google,5,Food
RV00453,2025-03-17,B02,Google,5,Food
RV00454,2025-03-16,B02,Google,5,Service
RV00455,2025-03-20,B02,Google,5,Value
RV00456,2025-03-21,B02,TripAdvisor,5,Ambience
RV00457,2025-03-22,B02,Google,5,Speed
RV00458,2025-03-24,B02,TripAdvisor,3,Food
RV00459,2025-04-05,B02,TripAdvisor,5,Food
RV00460,2025-04-05,B02,TripAdvisor,3,Speed
RV00461,2025-04-10,B02,Google,5,Service
RV00462,2025-04-10,B02,Google,5,Value
RV00463,2025-04-12,B02,Google,5,Food
RV00464,2025-04-16,B02,TripAdvisor,4,Service
RV00465,2025-04-26,B02,Google,3,Service
RV00466,2025-04-29,B02,TripAdvisor,4,Value
RV00467,2025-04-30,B02,Google,4,Service
RV00468,2025-05-03,B02,TripAdvisor,5,Ambience
RV00469,2025-05-03,B02,Google,3,Value
RV00470,2025-05-11,B02,OpenTable,5,Food
RV00471,2025-05-20,B02,Google,4,Food
RV00472,2025-05-19,B02,Google,5,Food
RV00473,2025-05-22,B02,Google,4,Food
RV00474,2025-05-25,B02,TripAdvisor,5,Service
RV00475,2025-05-25,B02,TripAdvisor,5,Service
RV00476,2025-05-24,B02,TripAdvisor,5,Food
RV00477,2025-05-25,B02,Google,3,Value
RV00478,2025-06-01,B02,Google,5,Food
RV00479,2025-06-02,B02,Google,5,Food
RV00480,2025-05-31,B02,TripAdvisor,4,Ambience
RV00481,2025-06-03,B02,TripAdvisor,4,Value
RV00482,2025-06-06,B02,TripAdvisor,4,Food
RV00483,2025-06-08,B02,TripAdvisor,3,Value
RV00484,2025-06-12,B02,Google,5,Food
RV00485,2025-06-15,B02,Google,5,Ambience
RV00486,2025-06-16,B02,Google,5,Service
RV00487,2025-06-15,B02,Google,5,Value
RV00488,2025-06-20,B02,OpenTable,5,Value
RV00489,2025-06-23,B02,Google,4,Service
RV00490,2025-06-28,B02,Google,5,Ambience
RV00491,2025-06-30,B02,TripAdvisor,4,Service
RV00492,2025-07-04,B02,OpenTable,4,Speed
RV00493,2025-07-06,B02,Google,5,Food
RV00494,2025-07-08,B02,Google,4,Speed
RV00495,2025-07-12,B02,Google,5,Food
RV00496,2025-07-12,B02,Google,4,Service
RV00497,2025-07-12,B02,Google,5,Value
RV00498,2025-07-14,B02,Google,5,Food
RV00499,2025-07-16,B02,TripAdvisor,4,Food
RV00500,2025-07-18,B02,TripAdvisor,2,Ambience
RV00501,2025-07-17,B02,Google,4,Value
RV00502,2025-07-19,B02,Google,4,Speed
RV00503,2025-07-21,B02,Google,5,Food
RV00504,2025-07-26,B02,OpenTable,5,Service
RV00505,2025-07-25,B02,Google,5,Food
RV00506,2025-07-27,B02,TripAdvisor,5,Food
RV00507,2025-07-27,B02,TripAdvisor,5,Value
RV00508,2025-08-03,B02,Google,4,Food
RV00509,2025-08-03,B02,TripAdvisor,5,Service
RV00510,2025-08-04,B02,Google,4,Ambience
RV00511,2025-08-03,B02,Google,4,Ambience
RV00512,2025-08-06,B02,OpenTable,2,Food
RV00513,2025-08-09,B02,Google,3,Service
RV00514,2025-08-12,B02,TripAdvisor,5,Food
RV00515,2025-08-14,B02,OpenTable,4,Speed
RV00516,2025-08-21,B02,TripAdvisor,4,Ambience
RV00517,2025-08-29,B02,Google,5,Food
RV00518,2025-09-01,B02,Google,5,Speed
RV00519,2025-09-01,B02,OpenTable,5,Service
RV00520,2025-09-02,B02,Google,4,Service
RV00521,2025-09-03,B02,Google,4,Food
RV00522,2025-09-08,B02,Google,5,Value
RV00523,2025-09-15,B02,Google,3,Food
RV00524,2025-09-19,B02,Google,5,Speed
RV00525,2025-09-19,B02,Google,4,Value
RV00526,2025-09-19,B02,Google,3,Food
RV00527,2025-09-19,B02,Google,5,Value
RV00528,2025-09-24,B02,Google,3,Ambience
RV00529,2025-09-26,B02,Google,4,Food
RV00530,2025-09-28,B02,OpenTable,3,Value
RV00531,2025-09-30,B02,TripAdvisor,4,Service
RV00532,2025-10-03,B02,TripAdvisor,4,Speed
RV00533,2025-10-05,B02,Google,3,Service
RV00534,2025-10-05,B02,Google,4,Food
RV00535,2025-10-09,B02,OpenTable,3,Food
RV00536,2025-10-11,B02,TripAdvisor,5,Food
RV00537,2025-10-14,B02,TripAdvisor,4,Ambience
RV00538,2025-10-17,B02,TripAdvisor,4,Food
RV00539,2025-10-18,B02,Google,5,Food
RV00540,2025-10-19,B02,Google,5,Food
RV00541,2025-10-22,B02,OpenTable,3,Food
RV00542,2025-10-26,B02,TripAdvisor,5,Service
RV00543,2025-10-26,B02,Google,3,Value
RV00544,2025-11-03,B02,OpenTable,4,Food
RV00545,2025-11-05,B02,Google,4,Food
RV00546,2025-11-08,B02,TripAdvisor,4,Food
RV00547,2025-11-09,B02,TripAdvisor,3,Food
RV00548,2025-11-09,B02,TripAdvisor,4,Food
RV00549,2025-11-11,B02,TripAdvisor,5,Food
RV00550,2025-11-10,B02,TripAdvisor,5,Value
RV00551,2025-11-12,B02,Google,5,Ambience
RV00552,2025-11-16,B02,TripAdvisor,4,Speed
RV00553,2025-11-16,B02,Google,5,Ambience
RV00554,2025-11-23,B02,Google,5,Food
RV00555,2025-11-22,B02,TripAdvisor,5,Speed
RV00556,2025-11-24,B02,Google,4,Speed
RV00557,2025-11-24,B02,Google,5,Food
RV00558,2025-11-24,B02,Google,4,Value
RV00559,2025-11-28,B02,Google,5,Food
RV00560,2025-11-30,B02,OpenTable,4,Food
RV00561,2025-12-02,B02,TripAdvisor,4,Service
RV00562,2025-12-04,B02,TripAdvisor,5,Food
RV00563,2025-12-05,B02,Google,4,Value
RV00564,2025-12-06,B02,Google,4,Value
RV00565,2025-12-09,B02,Google,5,Value
RV00566,2025-12-10,B02,Google,5,Speed
RV00567,2025-12-12,B02,Google,4,Value
RV00568,2025-12-12,B02,Google,4,Value
RV00569,2025-12-14,B02,Google,4,Ambience
RV00570,2025-12-13,B02,Google,5,Ambience
RV00571,2025-12-20,B02,TripAdvisor,2,Value
RV00572,2025-12-23,B02,Google,5,Food
RV00573,2025-12-31,B02,Google,5,Service
RV00574,2026-01-09,B02,TripAdvisor,4,Value
RV00575,2026-01-11,B02,Google,5,Food
RV00576,2026-01-16,B02,OpenTable,5,Food
RV00577,2026-01-17,B02,Google,5,Speed
RV00578,2026-01-18,B02,Google,3,Food
RV00579,2026-01-18,B02,Google,4,Speed
RV00580,2026-01-20,B02,TripAdvisor,3,Value
RV00581,2026-01-29,B02,Google,4,Service
RV00582,2026-01-30,B02,Google,4,Ambience
RV00583,2026-02-02,B02,Google,5,Food
RV00584,2026-02-09,B02,Google,5,Speed
RV00585,2026-02-10,B02,Google,5,Food
RV00586,2026-02-12,B02,Google,4,Food
RV00587,2026-02-15,B02,Google,5,Ambience
RV00588,2026-02-17,B02,Google,4,Food
RV00589,2026-02-23,B02,Google,5,Food
RV00590,2026-02-23,B02,Google,4,Food
RV00591,2026-02-28,B02,Google,5,Ambience
RV00592,2026-03-02,B02,Google,4,Food
RV00593,2026-03-07,B02,OpenTable,4,Food
RV00594,2026-03-10,B02,Google,5,Ambience
RV00595,2026-03-12,B02,Google,4,Service
RV00596,2026-03-11,B02,Google,5,Value
RV00597,2026-03-16,B02,TripAdvisor,4,Service
RV00598,2026-03-21,B02,Google,5,Ambience
RV00599,2026-03-23,B02,TripAdvisor,4,Value
RV00600,2026-03-23,B02,Google,3,Value
RV00601,2026-03-29,B02,Google,5,Speed
RV00602,2026-03-29,B02,Google,4,Value
RV00603,2026-04-02,B02,Google,5,Value
RV00604,2026-04-02,B02,Google,4,Value
RV00605,2026-04-05,B02,TripAdvisor,5,Ambience
RV00606,2026-04-05,B02,OpenTable,5,Ambience
RV00607,2026-04-12,B02,TripAdvisor,5,Food
RV00608,2026-04-11,B02,OpenTable,4,Value
RV00609,2026-04-11,B02,Google,5,Value
RV00610,2026-04-14,B02,TripAdvisor,3,Speed
RV00611,2026-04-29,B02,TripAdvisor,3,Service
RV00612,2026-05-04,B02,Google,5,Food
RV00613,2026-05-05,B02,Google,5,Food
RV00614,2026-05-04,B02,Google,4,Service
RV00615,2026-05-08,B02,TripAdvisor,4,Food
RV00616,2026-05-12,B02,Google,4,Food
RV00617,2026-05-14,B02,TripAdvisor,5,Food
RV00618,2026-05-18,B02,Google,3,Service
RV00619,2026-05-21,B02,TripAdvisor,3,Food
RV00620,2026-05-21,B02,TripAdvisor,4,Food
RV00621,2026-05-23,B02,Google,4,Value
RV00622,2026-05-22,B02,TripAdvisor,5,Food
RV00623,2026-05-22,B02,Google,5,Food
RV00624,2026-05-24,B02,Google,5,Food
RV00625,2026-05-25,B02,Google,5,Food
RV00626,2026-05-28,B02,Google,3,Food
RV00627,2026-05-29,B02,TripAdvisor,4,Value
RV00628,2026-05-31,B02,Google,4,Food
RV00629,2026-06-02,B02,Google,5,Service
RV00630,2026-06-05,B02,TripAdvisor,3,Food
RV00631,2026-06-14,B02,OpenTable,4,Service
RV00632,2026-06-13,B02,OpenTable,5,Ambience
RV00633,2026-06-15,B02,OpenTable,5,Ambience
RV00634,2026-06-13,B02,Google,4,Ambience
RV00635,2026-06-17,B02,Google,4,Ambience
RV00636,2026-06-16,B02,TripAdvisor,5,Ambience
RV00637,2026-07-03,B02,Google,3,Value
RV00638,2026-07-09,B02,Google,5,Food
RV00639,2026-07-09,B02,Google,5,Service
RV00640,2026-07-12,B02,Google,4,Speed
RV00641,2026-07-12,B02,OpenTable,5,Service
RV00642,2026-07-12,B02,Google,5,Food
RV00643,2026-07-13,B02,Google,3,Service
RV00644,2026-07-19,B02,Google,5,Service
RV00645,2026-07-21,B02,OpenTable,4,Food
RV00646,2026-07-21,B02,Google,4,Ambience
RV00647,2026-07-24,B02,Google,5,Service
RV00648,2026-07-31,B02,Google,4,Value
RV00649,2026-08-03,B02,Google,2,Value
RV00650,2026-08-02,B02,Google,4,Service
RV00651,2026-08-02,B02,Google,4,Speed
RV00652,2026-08-06,B02,Google,5,Food
RV00653,2026-08-06,B02,Google,5,Food
RV00654,2026-08-09,B02,OpenTable,5,Food
RV00655,2026-08-09,B02,Google,4,Ambience
RV00656,2026-08-14,B02,Google,5,Speed
RV00657,2026-08-18,B02,OpenTable,5,Food
RV00658,2026-08-23,B02,Google,5,Value
RV00659,2026-08-26,B02,OpenTable,4,Food
RV00660,2026-08-30,B02,Google,5,Food
RV00661,2026-08-29,B02,Google,4,Food
RV00662,2026-09-05,B02,Google,4,Service
RV00663,2026-09-13,B02,TripAdvisor,5,Food
RV00664,2026-09-12,B02,Google,5,Speed
RV00665,2026-09-14,B02,Google,4,Food
RV00666,2026-09-17,B02,TripAdvisor,5,Service
RV00667,2026-09-27,B02,Google,4,Food
RV00668,2024-01-11,B03,OpenTable,2,Service
RV00669,2024-01-15,B03,TripAdvisor,4,Food
RV00670,2024-01-19,B03,OpenTable,5,Ambience
RV00671,2024-01-21,B03,Google,5,Food
RV00672,2024-01-27,B03,Google,4,Service
RV00673,2024-01-29,B03,TripAdvisor,4,Value
RV00674,2024-02-02,B03,Google,3,Food
RV00675,2024-02-03,B03,Google,4,Value
RV00676,2024-02-10,B03,Google,4,Value
RV00677,2024-02-12,B03,OpenTable,4,Food
RV00678,2024-02-15,B03,OpenTable,5,Food
RV00679,2024-02-16,B03,Google,3,Speed
RV00680,2024-02-24,B03,Google,4,Food
RV00681,2024-03-15,B03,Google,4,Service
RV00682,2024-03-17,B03,Google,5,Food
RV00683,2024-03-15,B03,Google,4,Speed
RV00684,2024-03-17,B03,Google,4,Food
RV00685,2024-03-18,B03,OpenTable,4,Speed
RV00686,2024-03-29,B03,OpenTable,4,Service
RV00687,2024-03-30,B03,Google,4,Speed
RV00688,2024-03-31,B03,Google,5,Speed
RV00689,2024-04-05,B03,OpenTable,5,Value
RV00690,2024-04-07,B03,Google,4,Service
RV00691,2024-04-06,B03,OpenTable,4,Speed
RV00692,2024-04-06,B03,Google,5,Service
RV00693,2024-04-12,B03,Google,5,Speed
RV00694,2024-04-12,B03,TripAdvisor,5,Ambience
RV00695,2024-04-13,B03,Google,4,Ambience
RV00696,2024-04-15,B03,Google,4,Food
RV00697,2024-04-29,B03,Google,2,Ambience
RV00698,2024-05-01,B03,OpenTable,4,Service
RV00699,2024-05-06,B03,Google,3,Food
RV00700,2024-05-08,B03,Google,4,Value
RV00701,2024-05-13,B03,TripAdvisor,5,Ambience
RV00702,2024-05-20,B03,Google,5,Food
RV00703,2024-05-22,B03,TripAdvisor,5,Service
RV00704,2024-05-24,B03,OpenTable,5,Service
RV00705,2024-05-28,B03,TripAdvisor,4,Service
RV00706,2024-05-30,B03,TripAdvisor,5,Food
RV00707,2024-06-04,B03,TripAdvisor,3,Service
RV00708,2024-06-11,B03,Google,4,Speed
RV00709,2024-06-15,B03,Google,5,Service
RV00710,2024-06-15,B03,Google,5,Service
RV00711,2024-06-17,B03,TripAdvisor,4,Food
RV00712,2024-06-24,B03,Google,4,Speed
RV00713,2024-06-24,B03,Google,4,Food
RV00714,2024-06-22,B03,Google,4,Food
RV00715,2024-06-23,B03,TripAdvisor,4,Ambience
RV00716,2024-06-23,B03,OpenTable,5,Service
RV00717,2024-06-28,B03,TripAdvisor,3,Food
RV00718,2024-06-28,B03,Google,4,Value
RV00719,2024-06-29,B03,OpenTable,4,Service
RV00720,2024-06-30,B03,Google,3,Value
RV00721,2024-07-01,B03,Google,4,Ambience
RV00722,2024-07-04,B03,Google,5,Value
RV00723,2024-07-06,B03,TripAdvisor,4,Ambience
RV00724,2024-07-09,B03,Google,4,Service
RV00725,2024-07-10,B03,Google,4,Value
RV00726,2024-07-13,B03,TripAdvisor,5,Value
RV00727,2024-07-16,B03,Google,4,Food
RV00728,2024-07-21,B03,OpenTable,3,Food
RV00729,2024-07-27,B03,OpenTable,3,Value
RV00730,2024-08-01,B03,Google,4,Speed
RV00731,2024-08-02,B03,Google,4,Value
RV00732,2024-08-04,B03,OpenTable,4,Food
RV00733,2024-08-11,B03,Google,5,Service
RV00734,2024-08-11,B03,OpenTable,3,Speed
RV00735,2024-08-12,B03,Google,5,Food
RV00736,2024-08-15,B03,Google,4,Food
RV00737,2024-08-16,B03,Google,3,Service
RV00738,2024-08-19,B03,TripAdvisor,4,Food
RV00739,2024-08-18,B03,Google,5,Value
RV00740,2024-08-18,B03,Google,4,Food
RV00741,2024-08-24,B03,Google,3,Value
RV00742,2024-08-22,B03,Google,5,Service
RV00743,2024-08-26,B03,Google,4,Service
RV00744,2024-09-01,B03,Google,3,Ambience
RV00745,2024-09-01,B03,Google,5,Food
RV00746,2024-09-03,B03,TripAdvisor,3,Service
RV00747,2024-09-09,B03,TripAdvisor,4,Service
RV00748,2024-09-14,B03,TripAdvisor,5,Service
RV00749,2024-09-25,B03,TripAdvisor,3,Value
RV00750,2024-09-28,B03,Google,3,Service
RV00751,2024-09-28,B03,OpenTable,3,Service
RV00752,2024-09-28,B03,Google,4,Service
RV00753,2024-10-07,B03,TripAdvisor,2,Food
RV00754,2024-10-05,B03,Google,4,Food
RV00755,2024-10-08,B03,TripAdvisor,4,Service
RV00756,2024-10-11,B03,Google,4,Food
RV00757,2024-10-13,B03,Google,5,Food
RV00758,2024-10-14,B03,Google,4,Service
RV00759,2024-10-16,B03,Google,4,Value
RV00760,2024-10-19,B03,Google,4,Service
RV00761,2024-10-19,B03,Google,3,Food
RV00762,2024-10-26,B03,Google,4,Food
RV00763,2024-10-25,B03,OpenTable,4,Ambience
RV00764,2024-10-27,B03,TripAdvisor,4,Speed
RV00765,2024-11-04,B03,TripAdvisor,3,Ambience
RV00766,2024-11-07,B03,Google,5,Food
RV00767,2024-11-09,B03,Google,4,Food
RV00768,2024-11-16,B03,OpenTable,5,Speed
RV00769,2024-11-17,B03,Google,4,Value
RV00770,2024-11-17,B03,Google,5,Speed
RV00771,2024-11-17,B03,Google,4,Speed
RV00772,2024-11-23,B03,Google,4,Value
RV00773,2024-12-10,B03,TripAdvisor,4,Service
RV00774,2024-12-12,B03,OpenTable,5,Value
RV00775,2024-12-16,B03,Google,3,Food
RV00776,2024-12-18,B03,Google,4,Food
RV00777,2024-12-22,B03,OpenTable,4,Value
RV00778,2024-12-24,B03,Google,3,Food
RV00779,2024-12-23,B03,Google,4,Ambience
RV00780,2024-12-25,B03,TripAdvisor,4,Value
RV00781,2024-12-29,B03,Google,4,Value
RV00782,2024-12-30,B03,OpenTable,5,Food
RV00783,2024-12-30,B03,TripAdvisor,3,Value
RV00784,2025-01-01,B03,TripAdvisor,4,Service
RV00785,2025-01-04,B03,Google,3,Value
RV00786,2025-01-03,B03,OpenTable,4,Food
RV00787,2025-01-20,B03,TripAdvisor,4,Value
RV00788,2025-01-22,B03,Google,4,Ambience
RV00789,2025-01-26,B03,Google,4,Speed
RV00790,2025-01-27,B03,Google,5,Service
RV00791,2025-01-27,B03,Google,5,Service
RV00792,2025-01-29,B03,Google,4,Service
RV00793,2025-02-05,B03,Google,4,Ambience
RV00794,2025-02-11,B03,Google,4,Value
RV00795,2025-02-10,B03,OpenTable,4,Speed
RV00796,2025-02-13,B03,TripAdvisor,5,Service
RV00797,2025-02-17,B03,TripAdvisor,4,Service
RV00798,2025-02-24,B03,Google,5,Value
RV00799,2025-02-24,B03,OpenTable,5,Food
RV00800,2025-03-08,B03,Google,5,Food
RV00801,2025-03-12,B03,TripAdvisor,5,Speed
RV00802,2025-03-13,B03,TripAdvisor,5,Food
RV00803,2025-03-16,B03,OpenTable,5,Food
RV00804,2025-03-15,B03,Google,3,Value
RV00805,2025-03-19,B03,TripAdvisor,4,Service
RV00806,2025-03-20,B03,Google,4,Service
RV00807,2025-03-22,B03,Google,4,Ambience
RV00808,2025-03-24,B03,Google,4,Food
RV00809,2025-03-28,B03,TripAdvisor,4,Service
RV00810,2025-04-15,B03,Google,3,Service
RV00811,2025-04-21,B03,TripAdvisor,2,Speed
RV00812,2025-04-21,B03,Google,3,Speed
RV00813,2025-04-25,B03,Google,3,Service
RV00814,2025-04-28,B03,Google,4,Value
RV00815,2025-05-01,B03,TripAdvisor,5,Value
RV00816,2025-05-02,B03,OpenTable,5,Food
RV00817,2025-05-03,B03,TripAdvisor,4,Ambience
RV00818,2025-05-06,B03,OpenTable,4,Service
RV00819,2025-05-13,B03,Google,4,Food
RV00820,2025-05-19,B03,Google,5,Service
RV00821,2025-05-25,B03,Google,4,Ambience
RV00822,2025-05-25,B03,Google,3,Ambience
RV00823,2025-05-25,B03,OpenTable,4,Ambience
RV00824,2025-05-30,B03,TripAdvisor,3,Food
RV00825,2025-06-05,B03,Google,3,Food
RV00826,2025-06-06,B03,Google,2,Service
RV00827,2025-06-12,B03,OpenTable,3,Speed
RV00828,2025-06-20,B03,TripAdvisor,3,Value
RV00829,2025-06-30,B03,Google,4,Ambience
RV00830,2025-06-28,B03,Google,4,Ambience
RV00831,2025-07-05,B03,Google,4,Service
RV00832,2025-07-06,B03,Google,4,Value
RV00833,2025-07-18,B03,TripAdvisor,4,Ambience
RV00834,2025-07-25,B03,Google,3,Speed
RV00835,2025-07-26,B03,Google,3,Speed
RV00836,2025-07-26,B03,TripAdvisor,3,Service
RV00837,2025-08-01,B03,TripAdvisor,4,Food
RV00838,2025-08-05,B03,TripAdvisor,3,Speed
RV00839,2025-08-09,B03,Google,5,Value
RV00840,2025-08-12,B03,Google,3,Value
RV00841,2025-08-15,B03,TripAdvisor,5,Food
RV00842,2025-08-18,B03,Google,4,Ambience
RV00843,2025-08-23,B03,Google,3,Service
RV00844,2025-08-29,B03,Google,4,Service
RV00845,2025-09-02,B03,TripAdvisor,4,Service
RV00846,2025-09-05,B03,Google,3,Service
RV00847,2025-09-05,B03,OpenTable,4,Ambience
RV00848,2025-09-05,B03,OpenTable,3,Value
RV00849,2025-09-07,B03,Google,4,Service
RV00850,2025-09-23,B03,Google,2,Service
RV00851,2025-09-22,B03,Google,5,Service
RV00852,2025-09-23,B03,OpenTable,4,Ambience
RV00853,2025-09-24,B03,Google,2,Speed
RV00854,2025-09-25,B03,Google,2,Service
RV00855,2025-09-26,B03,Google,2,Speed
RV00856,2025-09-27,B03,Google,3,Service
RV00857,2025-09-29,B03,Google,3,Service
RV00858,2025-09-28,B03,Google,3,Service
RV00859,2025-10-10,B03,Google,4,Food
RV00860,2025-10-12,B03,Google,4,Food
RV00861,2025-10-19,B03,Google,2,Speed
RV00862,2025-10-27,B03,TripAdvisor,5,Ambience
RV00863,2025-11-01,B03,Google,3,Service
RV00864,2025-10-31,B03,Google,3,Food
RV00865,2025-11-03,B03,Google,2,Value
RV00866,2025-11-10,B03,Google,3,Speed
RV00867,2025-11-13,B03,TripAdvisor,2,Speed
RV00868,2025-11-23,B03,TripAdvisor,4,Service
RV00869,2025-11-30,B03,Google,1,Speed
RV00870,2025-12-02,B03,Google,5,Service
RV00871,2025-12-04,B03,TripAdvisor,5,Speed
RV00872,2025-12-06,B03,Google,3,Service
RV00873,2025-12-08,B03,TripAdvisor,4,Service
RV00874,2025-12-22,B03,Google,3,Food
RV00875,2026-01-02,B03,TripAdvisor,3,Speed
RV00876,2026-01-03,B03,Google,5,Service
RV00877,2026-01-03,B03,Google,4,Food
RV00878,2026-01-06,B03,Google,4,Ambience
RV00879,2026-01-17,B03,OpenTable,3,Speed
RV00880,2026-01-24,B03,Google,4,Service
RV00881,2026-02-03,B03,Google,3,Service
RV00882,2026-02-03,B03,TripAdvisor,5,Food
RV00883,2026-02-06,B03,Google,4,Service
RV00884,2026-02-09,B03,TripAdvisor,2,Service
RV00885,2026-02-08,B03,Google,3,Value
RV00886,2026-02-09,B03,Google,5,Value
RV00887,2026-02-18,B03,Google,4,Value
RV00888,2026-02-21,B03,TripAdvisor,2,Speed
RV00889,2026-02-22,B03,TripAdvisor,3,Speed
RV00890,2026-03-09,B03,TripAdvisor,3,Speed
RV00891,2026-03-10,B03,Google,3,Food
RV00892,2026-03-14,B03,OpenTable,3,Speed
RV00893,2026-03-15,B03,OpenTable,3,Service
RV00894,2026-03-17,B03,Google,4,Service
RV00895,2026-03-19,B03,Google,4,Speed
RV00896,2026-03-22,B03,Google,3,Service
RV00897,2026-03-27,B03,Google,3,Speed
RV00898,2026-04-02,B03,TripAdvisor,4,Value
RV00899,2026-04-04,B03,Google,2,Speed
RV00900,2026-04-10,B03,Google,3,Service
RV00901,2026-04-11,B03,Google,4,Service
RV00902,2026-04-12,B03,Google,4,Value
RV00903,2026-04-11,B03,TripAdvisor,4,Food
RV00904,2026-04-13,B03,Google,3,Speed
RV00905,2026-04-18,B03,Google,4,Ambience
RV00906,2026-04-19,B03,Google,2,Speed
RV00907,2026-04-22,B03,Google,2,Food
RV00908,2026-04-24,B03,Google,5,Service
RV00909,2026-05-02,B03,Google,4,Food
RV00910,2026-05-03,B03,OpenTable,4,Value
RV00911,2026-05-16,B03,Google,4,Service
RV00912,2026-05-17,B03,Google,3,Service
RV00913,2026-05-19,B03,TripAdvisor,2,Value
RV00914,2026-05-22,B03,TripAdvisor,4,Food
RV00915,2026-05-24,B03,Google,4,Speed
RV00916,2026-05-29,B03,Google,3,Value
RV00917,2026-06-05,B03,Google,4,Ambience
RV00918,2026-06-08,B03,OpenTable,5,Value
RV00919,2026-06-12,B03,Google,3,Speed
RV00920,2026-06-14,B03,Google,3,Service
RV00921,2026-06-29,B03,Google,5,Ambience
RV00922,2026-07-09,B03,Google,5,Speed
RV00923,2026-07-13,B03,TripAdvisor,3,Service
RV00924,2026-07-11,B03,Google,3,Speed
RV00925,2026-07-16,B03,TripAdvisor,2,Speed
RV00926,2026-07-18,B03,Google,3,Speed
RV00927,2026-07-29,B03,TripAdvisor,4,Speed
RV00928,2026-08-10,B03,Google,3,Service
RV00929,2026-08-10,B03,TripAdvisor,5,Ambience
RV00930,2026-08-11,B03,OpenTable,3,Ambience
RV00931,2026-08-13,B03,TripAdvisor,4,Food
RV00932,2026-08-28,B03,TripAdvisor,3,Value
RV00933,2026-08-30,B03,TripAdvisor,2,Service
RV00934,2026-08-31,B03,OpenTable,3,Speed
RV00935,2026-09-05,B03,TripAdvisor,3,Ambience
RV00936,2026-09-05,B03,Google,3,Speed
RV00937,2026-09-05,B03,OpenTable,3,Service
RV00938,2026-09-08,B03,Google,4,Value
RV00939,2026-09-18,B03,OpenTable,4,Value
RV00940,2026-09-26,B03,TripAdvisor,4,Food
RV00941,2026-09-27,B03,TripAdvisor,4,Value
RV00942,2026-09-28,B03,Google,3,Value
RV00943,2026-09-29,B03,Google,3,Service
RV00944,2025-06-07,B04,TripAdvisor,4,Value
RV00945,2025-06-24,B04,Google,5,Value
RV00946,2025-07-06,B04,OpenTable,5,Speed
RV00947,2025-07-13,B04,Google,4,Food
RV00948,2025-07-16,B04,Google,5,Food
RV00949,2025-07-20,B04,TripAdvisor,5,Value
RV00950,2025-07-25,B04,TripAdvisor,5,Value
RV00951,2025-07-28,B04,Google,4,Value
RV00952,2025-07-29,B04,Google,5,Ambience
RV00953,2025-07-30,B04,Google,3,Ambience
RV00954,2025-08-01,B04,OpenTable,5,Ambience
RV00955,2025-08-02,B04,Google,3,Food
RV00956,2025-08-02,B04,Google,4,Food
RV00957,2025-08-08,B04,Google,5,Food
RV00958,2025-08-12,B04,Google,5,Service
RV00959,2025-08-15,B04,Google,5,Service
RV00960,2025-08-16,B04,TripAdvisor,4,Ambience
RV00961,2025-08-18,B04,Google,4,Speed
RV00962,2025-08-22,B04,Google,4,Food
RV00963,2025-08-27,B04,Google,5,Food
RV00964,2025-09-01,B04,OpenTable,5,Food
RV00965,2025-09-04,B04,Google,5,Speed
RV00966,2025-09-13,B04,TripAdvisor,3,Speed
RV00967,2025-09-16,B04,TripAdvisor,5,Food
RV00968,2025-09-20,B04,Google,4,Ambience
RV00969,2025-10-09,B04,Google,5,Speed
RV00970,2025-10-12,B04,Google,3,Value
RV00971,2025-10-18,B04,TripAdvisor,5,Service
RV00972,2025-10-17,B04,TripAdvisor,4,Service
RV00973,2025-10-19,B04,OpenTable,4,Food
RV00974,2025-10-25,B04,Google,4,Service
RV00975,2025-10-26,B04,OpenTable,5,Food
RV00976,2025-10-27,B04,Google,4,Service
RV00977,2025-10-30,B04,Google,4,Ambience
RV00978,2025-10-31,B04,TripAdvisor,5,Service
RV00979,2025-11-03,B04,OpenTable,4,Food
RV00980,2025-11-08,B04,Google,4,Service
RV00981,2025-11-10,B04,TripAdvisor,3,Food
RV00982,2025-11-10,B04,OpenTable,5,Value
RV00983,2025-11-09,B04,Google,4,Food
RV00984,2025-11-14,B04,TripAdvisor,5,Service
RV00985,2025-11-14,B04,TripAdvisor,4,Food
RV00986,2025-11-16,B04,OpenTable,4,Food
RV00987,2025-11-23,B04,Google,4,Value
RV00988,2025-11-23,B04,Google,4,Food
RV00989,2025-11-29,B04,Google,3,Service
RV00990,2025-11-29,B04,Google,3,Food
RV00991,2025-12-03,B04,Google,4,Ambience
RV00992,2025-12-10,B04,TripAdvisor,4,Service
RV00993,2025-12-13,B04,Google,4,Value
RV00994,2025-12-14,B04,OpenTable,4,Service
RV00995,2025-12-14,B04,TripAdvisor,4,Service
RV00996,2025-12-13,B04,Google,4,Food
RV00997,2025-12-14,B04,Google,5,Speed
RV00998,2025-12-13,B04,Google,5,Service
RV00999,2025-12-12,B04,Google,5,Service
RV01000,2025-12-12,B04,TripAdvisor,5,Food
RV01001,2025-12-15,B04,TripAdvisor,5,Speed
RV01002,2025-12-14,B04,Google,5,Service
RV01003,2025-12-16,B04,TripAdvisor,3,Service
RV01004,2025-12-15,B04,OpenTable,4,Service
RV01005,2025-12-21,B04,TripAdvisor,2,Value
RV01006,2025-12-21,B04,Google,4,Food
RV01007,2025-12-26,B04,TripAdvisor,5,Food
RV01008,2025-12-27,B04,Google,4,Service
RV01009,2025-12-29,B04,Google,3,Service
RV01010,2026-01-01,B04,Google,5,Food
RV01011,2026-01-04,B04,Google,5,Food
RV01012,2026-01-05,B04,Google,4,Service
RV01013,2026-01-06,B04,OpenTable,5,Food
RV01014,2026-01-10,B04,Google,5,Food
RV01015,2026-01-19,B04,Google,4,Food
RV01016,2026-01-19,B04,OpenTable,5,Speed
RV01017,2026-01-18,B04,Google,5,Service
RV01018,2026-01-24,B04,Google,5,Food
RV01019,2026-01-26,B04,TripAdvisor,5,Value
RV01020,2026-02-01,B04,OpenTable,3,Service
RV01021,2026-01-31,B04,Google,4,Food
RV01022,2026-02-07,B04,Google,3,Value
RV01023,2026-02-07,B04,TripAdvisor,4,Food
RV01024,2026-02-14,B04,Google,5,Speed
RV01025,2026-02-22,B04,OpenTable,5,Food
RV01026,2026-03-01,B04,Google,5,Value
RV01027,2026-03-01,B04,OpenTable,4,Food
RV01028,2026-03-01,B04,Google,4,Food
RV01029,2026-03-06,B04,Google,4,Ambience
RV01030,2026-03-10,B04,Google,5,Value
RV01031,2026-03-12,B04,Google,4,Speed
RV01032,2026-03-15,B04,Google,4,Ambience
RV01033,2026-03-14,B04,OpenTable,3,Value
RV01034,2026-03-22,B04,Google,4,Food
RV01035,2026-03-26,B04,TripAdvisor,4,Value
RV01036,2026-03-30,B04,Google,3,Value
RV01037,2026-04-01,B04,Google,3,Service
RV01038,2026-04-13,B04,Google,4,Speed
RV01039,2026-04-16,B04,TripAdvisor,5,Food
RV01040,2026-04-24,B04,TripAdvisor,5,Speed
RV01041,2026-04-22,B04,OpenTable,5,Service
RV01042,2026-04-25,B04,Google,3,Service
RV01043,2026-05-01,B04,OpenTable,4,Food
RV01044,2026-05-08,B04,Google,5,Service
RV01045,2026-05-10,B04,OpenTable,4,Speed
RV01046,2026-05-10,B04,OpenTable,4,Food
RV01047,2026-05-15,B04,Google,5,Food
RV01048,2026-05-18,B04,TripAdvisor,4,Ambience
RV01049,2026-05-17,B04,Google,5,Value
RV01050,2026-05-22,B04,Google,5,Food
RV01051,2026-05-28,B04,Google,4,Value
RV01052,2026-05-31,B04,TripAdvisor,5,Value
RV01053,2026-06-01,B04,Google,5,Value
RV01054,2026-06-06,B04,OpenTable,5,Food
RV01055,2026-06-05,B04,OpenTable,4,Ambience
RV01056,2026-06-07,B04,TripAdvisor,4,Service
RV01057,2026-06-08,B04,OpenTable,3,Value
RV01058,2026-06-07,B04,TripAdvisor,4,Food
RV01059,2026-06-13,B04,Google,4,Service
RV01060,2026-06-19,B04,TripAdvisor,3,Speed
RV01061,2026-06-22,B04,Google,5,Food
RV01062,2026-06-23,B04,Google,4,Speed
RV01063,2026-06-24,B04,Google,3,Food
RV01064,2026-06-25,B04,TripAdvisor,5,Service
RV01065,2026-06-28,B04,Google,3,Food
RV01066,2026-06-30,B04,TripAdvisor,5,Value
RV01067,2026-07-04,B04,TripAdvisor,4,Service
RV01068,2026-07-04,B04,OpenTable,3,Food
RV01069,2026-07-04,B04,OpenTable,4,Service
RV01070,2026-07-06,B04,OpenTable,5,Ambience
RV01071,2026-07-05,B04,Google,4,Service
RV01072,2026-07-07,B04,Google,3,Food
RV01073,2026-07-07,B04,Google,5,Value
RV01074,2026-07-10,B04,TripAdvisor,5,Value
RV01075,2026-07-12,B04,Google,3,Ambience
RV01076,2026-07-14,B04,OpenTable,4,Ambience
RV01077,2026-07-19,B04,Google,4,Food
RV01078,2026-07-18,B04,Google,4,Ambience
RV01079,2026-07-22,B04,Google,5,Food
RV01080,2026-07-24,B04,Google,4,Service
RV01081,2026-07-25,B04,Google,4,Value
RV01082,2026-07-27,B04,Google,5,Value
RV01083,2026-07-31,B04,OpenTable,4,Food
RV01084,2026-08-02,B04,Google,5,Food
RV01085,2026-08-02,B04,Google,5,Ambience
RV01086,2026-08-07,B04,OpenTable,4,Food
RV01087,2026-08-08,B04,Google,5,Speed
RV01088,2026-08-09,B04,Google,4,Service
RV01089,2026-08-10,B04,Google,4,Speed
RV01090,2026-08-09,B04,OpenTable,5,Speed
RV01091,2026-08-11,B04,TripAdvisor,5,Ambience
RV01092,2026-08-24,B04,Google,4,Service
RV01093,2026-08-28,B04,TripAdvisor,4,Food
RV01094,2026-08-29,B04,OpenTable,5,Food
RV01095,2026-09-01,B04,Google,2,Value
RV01096,2026-09-12,B04,Google,5,Service
RV01097,2026-09-13,B04,Google,3,Ambience
RV01098,2026-09-12,B04,Google,4,Value
RV01099,2026-09-14,B04,Google,4,Service
RV01100,2026-09-16,B04,TripAdvisor,4,Ambience
RV01101,2026-09-17,B04,OpenTable,5,Food
RV01102,2026-09-28,B04,Google,3,Speed
RV01103,2026-09-27,B04,Google,3,Service
RV01104,2026-09-29,B04,Google,5,Service
